INSERT INTO "products" (id, status, image_link, created_at, quantity, price) VALUES
('f4831fef-35a8-4766-b50e-dcb25d7b2e7b', 'AVAILABLE', 'https://j65jb0fdkxuua0go.public.blob.vercel-storage.com/computer-copy-0-wlgCGUS3SKMFcugVqvFYYzVGrY5OGh.png', NOW(), 100, 1299.00),
('e404a9ae-0c40-4015-8574-9a9873793134', 'AVAILABLE', 'https://j65jb0fdkxuua0go.public.blob.vercel-storage.com/computer-wDPU7h0cjIZoXklhV0kykrFYJqKAjT.png', NOW(), 100, 1899.00),
('8551c666-423e-44d6-a317-ca019d91b219', 'AVAILABLE', 'https://j65jb0fdkxuua0go.public.blob.vercel-storage.com/computer_12-2vHs9x57ghOvfYNKflGt3OsCnjh1t4.jpg', NOW(), 100, 1499.00),
('126bf189-9f8c-46ed-9138-f74d9d93206e', 'AVAILABLE', 'https://j65jb0fdkxuua0go.public.blob.vercel-storage.com/computer_123-vFhjVe72eSdlxP1dud18rVGEcvwvWw.jpg', NOW(), 100, 999.00),
('6394f3b7-ce20-44b5-a2d0-f77395cb780c', 'AVAILABLE', 'https://j65jb0fdkxuua0go.public.blob.vercel-storage.com/computer_1234-C7SqWgUuxFBZruIxRO4sKOWmzdWsV4.jpg', NOW(), 100, 1099.00),
('79dbde99-da4b-477a-b8f9-d91fed15a392', 'AVAILABLE', 'https://j65jb0fdkxuua0go.public.blob.vercel-storage.com/mobile-5LJz3MWmzUWUPOq6wT3Zw4UPKSBYb1.jpg', NOW(), 100, 799.00),
('c56a4180-65aa-42ec-a945-5fd21dec0544', 'AVAILABLE', 'https://j65jb0fdkxuua0go.public.blob.vercel-storage.com/mobile_12-xE79HUHk1WLuloB7jNfNIeBN0yq5NH.jpg', NOW(), 100, 699.00),
('602ac1b3-41fc-4b4d-8de8-c4d9c86a5cf0', 'AVAILABLE', 'https://j65jb0fdkxuua0go.public.blob.vercel-storage.com/mobile_123-ABvXorqrch3nhTP6ycbmt13t29EuKs.jpg', NOW(), 100, 1099.00),
('a512ff32-358c-4650-b303-1abb696402de', 'AVAILABLE', 'https://j65jb0fdkxuua0go.public.blob.vercel-storage.com/computer-copy-0-wlgCGUS3SKMFcugVqvFYYzVGrY5OGh.png', NOW(), 100, 1299.00),
('041b90f2-c8fb-49de-9dc1-f1a3bc0ad323', 'AVAILABLE', 'https://j65jb0fdkxuua0go.public.blob.vercel-storage.com/computer-wDPU7h0cjIZoXklhV0kykrFYJqKAjT.png', NOW(), 100, 1899.00),
('cc2d1736-0986-46aa-8d6a-f4dbbd928f2f', 'AVAILABLE', 'https://j65jb0fdkxuua0go.public.blob.vercel-storage.com/computer_12-2vHs9x57ghOvfYNKflGt3OsCnjh1t4.jpg', NOW(), 100, 1499.00),
('1e861ba6-318c-412e-aaab-f53d928c4133', 'AVAILABLE', 'https://j65jb0fdkxuua0go.public.blob.vercel-storage.com/computer_123-vFhjVe72eSdlxP1dud18rVGEcvwvWw.jpg', NOW(), 100, 999.00),
('03b80185-e03a-4aba-b36c-d2658707c91c', 'AVAILABLE', 'https://j65jb0fdkxuua0go.public.blob.vercel-storage.com/computer_1234-C7SqWgUuxFBZruIxRO4sKOWmzdWsV4.jpg', NOW(), 100, 1099.00),
('f68cb17b-bedd-4cb9-ae9e-a2959f15c5e3', 'AVAILABLE', 'https://j65jb0fdkxuua0go.public.blob.vercel-storage.com/mobile-5LJz3MWmzUWUPOq6wT3Zw4UPKSBYb1.jpg', NOW(), 100, 799.00),
('3c6c4db3-08c3-4473-a3a4-7d91100ff36a', 'AVAILABLE', 'https://j65jb0fdkxuua0go.public.blob.vercel-storage.com/mobile_12-xE79HUHk1WLuloB7jNfNIeBN0yq5NH.jpg', NOW(), 100, 699.00),
('b825ddc9-e08b-4a68-b47b-531ba804df27', 'AVAILABLE', 'https://j65jb0fdkxuua0go.public.blob.vercel-storage.com/mobile_123-ABvXorqrch3nhTP6ycbmt13t29EuKs.jpg', NOW(), 100, 1099.00),
('739e4ab1-36c7-42f4-8f9d-e2c218dd60ba', 'AVAILABLE', 'https://j65jb0fdkxuua0go.public.blob.vercel-storage.com/mobile_1234-2xIucM8hgLayGS23HoLYzJ27c4SigN.jpg', NOW(), 100, 899.00),
('1417d9a9-d883-419e-9856-163bbdf1c47a', 'AVAILABLE', 'https://j65jb0fdkxuua0go.public.blob.vercel-storage.com/mobile_12345-WASAxiPaRLLT3EHgRIlP47A0YaQdBJ.jpg', NOW(), 100, 899.00);

INSERT INTO "products_translations" (product_id, language_id, name, description) VALUES
('f4831fef-35a8-4766-b50e-dcb25d7b2e7b', 1, 'Laptop ASUS ZenBook 14" Intel Core i5 512GB SSD Pine Grey', 'Screen: 14" OLED, 2880x1800 / Intel Core i5-1240P / RAM 16 GB / 512 GB SSD / Wi-Fi 6 / Bluetooth 5.2 / Windows 11 Home / 67 Wh battery'),
('e404a9ae-0c40-4015-8574-9a9873793134', 1, 'Laptop Lenovo ThinkPad X1 Carbon Gen 10 (2023) Intel Core i7 1TB SSD Black', 'Screen: 14" IPS, 1920x1200 / Intel Core i7-1260P / RAM 16 GB / 1TB SSD / Wi-Fi 6E / Bluetooth 5.2 / Windows 11 Pro / 57 Wh battery'),
('8551c666-423e-44d6-a317-ca019d91b219', 1, 'Desktop PC HP Envy TE01 Intel Core i7 16GB RAM 1TB SSD', 'Intel Core i7-12700F / RAM 16 GB / 1TB SSD / NVIDIA GeForce GTX 1660 Super / Wi-Fi 6 / Bluetooth 5.0 / Windows 11 Home'),
('126bf189-9f8c-46ed-9138-f74d9d93206e', 1, 'Desktop PC Dell Inspiron 3880 Intel Core i5 8GB RAM 512GB SSD', 'Intel Core i5-10400 / RAM 8 GB / 512GB SSD / Intel UHD Graphics 630 / Wi-Fi 6 / Bluetooth 4.2 / Windows 11 Home'),
('6394f3b7-ce20-44b5-a2d0-f77395cb780c', 1, 'Desktop PC Apple Mac Mini M2 512GB Silver', 'Apple M2 chip / RAM 8 GB / 512GB SSD / Wi-Fi 6 / Bluetooth 5.3 / macOS Ventura'),
('79dbde99-da4b-477a-b8f9-d91fed15a392', 1, 'Mobile Phone OnePlus 11 5G 256GB Titan Black', 'Screen: 6.7" Fluid AMOLED, 3216x1440 / Snapdragon 8 Gen 2 / Main Triple Camera: 50 MP + 48 MP + 32 MP, Front Camera: 16 MP / RAM 12 GB / 256 GB internal storage / 3G / LTE / 5G / GPS / GLONASS / Dual SIM support (Nano-SIM) / Android 13 / 5000 mAh'),
('c56a4180-65aa-42ec-a945-5fd21dec0544', 1, 'Mobile Phone Xiaomi Mi 12 5G 128GB Black', 'Screen: 6.28" AMOLED, 2400x1080 / Snapdragon 8 Gen 1 / Main Triple Camera: 50 MP + 13 MP + 5 MP, Front Camera: 32 MP / RAM 8 GB / 128 GB internal storage / 3G / LTE / 5G / GPS / GLONASS / Dual SIM support (Nano-SIM) / Android 12 / 4500 mAh'),
('602ac1b3-41fc-4b4d-8de8-c4d9c86a5cf0', 1, 'Mobile Phone Samsung Galaxy S22 Ultra 5G 512GB Phantom Black', 'Screen: 6.8" Dynamic AMOLED 2X, 3088x1440 / Exynos 2200 / Main Quad Camera: 108 MP + 10 MP + 10 MP + 12 MP, Front Camera: 40 MP / RAM 12 GB / 512 GB internal storage / 3G / LTE / 5G / GPS / GLONASS / Dual SIM support (Nano-SIM) / Android 12 / 5000 mAh'),
('a512ff32-358c-4650-b303-1abb696402de', 1, 'Laptop ASUS ZenBook 14" Intel Core i5 512GB SSD Pine Grey', 'Screen: 14" OLED, 2880x1800 / Intel Core i5-1240P / RAM 16 GB / 512 GB SSD / Wi-Fi 6 / Bluetooth 5.2 / Windows 11 Home / 67 Wh battery'),
('041b90f2-c8fb-49de-9dc1-f1a3bc0ad323', 1, 'Laptop Lenovo ThinkPad X1 Carbon Gen 10 (2023) Intel Core i7 1TB SSD Black', 'Screen: 14" IPS, 1920x1200 / Intel Core i7-1260P / RAM 16 GB / 1TB SSD / Wi-Fi 6E / Bluetooth 5.2 / Windows 11 Pro / 57 Wh battery'),
('cc2d1736-0986-46aa-8d6a-f4dbbd928f2f', 1, 'Desktop PC HP Envy TE01 Intel Core i7 16GB RAM 1TB SSD', 'Intel Core i7-12700F / RAM 16 GB / 1TB SSD / NVIDIA GeForce GTX 1660 Super / Wi-Fi 6 / Bluetooth 5.0 / Windows 11 Home'),
('1e861ba6-318c-412e-aaab-f53d928c4133', 1, 'Desktop PC Dell Inspiron 3880 Intel Core i5 8GB RAM 512GB SSD', 'Intel Core i5-10400 / RAM 8 GB / 512GB SSD / Intel UHD Graphics 630 / Wi-Fi 6 / Bluetooth 4.2 / Windows 11 Home'),
('03b80185-e03a-4aba-b36c-d2658707c91c', 1, 'Desktop PC Apple Mac Mini M2 512GB Silver', 'Apple M2 chip / RAM 8 GB / 512GB SSD / Wi-Fi 6 / Bluetooth 5.3 / macOS Ventura'),
('f68cb17b-bedd-4cb9-ae9e-a2959f15c5e3', 1, 'Mobile Phone OnePlus 11 5G 256GB Titan Black', 'Screen: 6.7" Fluid AMOLED, 3216x1440 / Snapdragon 8 Gen 2 / Main Triple Camera: 50 MP + 48 MP + 32 MP, Front Camera: 16 MP / RAM 12 GB / 256 GB internal storage / 3G / LTE / 5G / GPS / GLONASS / Dual SIM support (Nano-SIM) / Android 13 / 5000 mAh'),
('3c6c4db3-08c3-4473-a3a4-7d91100ff36a', 1, 'Mobile Phone Xiaomi Mi 12 5G 128GB Black', 'Screen: 6.28" AMOLED, 2400x1080 / Snapdragon 8 Gen 1 / Main Triple Camera: 50 MP + 13 MP + 5 MP, Front Camera: 32 MP / RAM 8 GB / 128 GB internal storage / 3G / LTE / 5G / GPS / GLONASS / Dual SIM support (Nano-SIM) / Android 12 / 4500 mAh'),
('b825ddc9-e08b-4a68-b47b-531ba804df27', 1, 'Mobile Phone Samsung Galaxy S22 Ultra 5G 512GB Phantom Black', 'Screen: 6.8" Dynamic AMOLED 2X, 3088x1440 / Exynos 2200 / Main Quad Camera: 108 MP + 10 MP + 10 MP + 12 MP, Front Camera: 40 MP / RAM 12 GB / 512 GB internal storage / 3G / LTE / 5G / GPS / GLONASS / Dual SIM support (Nano-SIM) / Android 12 / 5000 mAh'),
('739e4ab1-36c7-42f4-8f9d-e2c218dd60ba', 1, 'Mobile Phone Apple iPhone 15 Pro 1TB Space Black', 'Screen: 6.7" Super Retina XDR, 2796x1290 / Apple A16 Bionic / Main Triple Camera: 48 MP + 12 MP + 12 MP, Front Camera: 12 MP / RAM 6 GB / 1TB internal storage / 3G / LTE / 5G / GPS / GLONASS / Dual SIM support (Nano-SIM and eSIM) / iOS 16 / 4323 mAh'),
('1417d9a9-d883-419e-9856-163bbdf1c47a', 1, 'Mobile Phone Google Pixel 8 5G 128GB Obsidian', 'Screen: 6.7" LTPO AMOLED, 3120x1440 / Google Tensor G2 / Main Triple Camera: 50 MP + 48 MP + 12 MP, Front Camera: 10.8 MP / RAM 12 GB / 128 GB internal storage / 3G / LTE / 5G / GPS / GLONASS / Dual SIM support (Nano-SIM and eSIM) / Android 13 / 5000 mAh');

INSERT INTO "products_translations" (product_id, language_id, name, description) VALUES
('f4831fef-35a8-4766-b50e-dcb25d7b2e7b', 2, 'Ноутбук ASUS ZenBook 14" Intel Core i5 512 ГБ SSD Пайн Грей', 'Екран: 14" OLED, 2880x1800 / Intel Core i5-1240P / RAM 16 ГБ / 512 ГБ SSD / Wi-Fi 6 / Bluetooth 5.2 / Windows 11 Home / Батарея 67 Вт⋅год'),
('e404a9ae-0c40-4015-8574-9a9873793134', 2, 'Ноутбук Lenovo ThinkPad X1 Carbon Gen 10 (2023) Intel Core i7 1 ТБ SSD Чорний', 'Екран: 14" IPS, 1920x1200 / Intel Core i7-1260P / RAM 16 ГБ / 1 ТБ SSD / Wi-Fi 6E / Bluetooth 5.2 / Windows 11 Pro / Батарея 57 Вт⋅год'),
('8551c666-423e-44d6-a317-ca019d91b219', 2, 'Настільний ПК HP Envy TE01 Intel Core i7 16 ГБ RAM 1 ТБ SSD', 'Intel Core i7-12700F / RAM 16 ГБ / 1 ТБ SSD / NVIDIA GeForce GTX 1660 Super / Wi-Fi 6 / Bluetooth 5.0 / Windows 11 Home'),
('126bf189-9f8c-46ed-9138-f74d9d93206e', 2, 'Настільний ПК Dell Inspiron 3880 Intel Core i5 8 ГБ RAM 512 ГБ SSD', 'Intel Core i5-10400 / RAM 8 ГБ / 512 ГБ SSD / Intel UHD Graphics 630 / Wi-Fi 6 / Bluetooth 4.2 / Windows 11 Home'),
('6394f3b7-ce20-44b5-a2d0-f77395cb780c', 2, 'Настільний ПК Apple Mac Mini M2 512 ГБ Сріблястий', 'Чіп Apple M2 / RAM 8 ГБ / 512 ГБ SSD / Wi-Fi 6 / Bluetooth 5.3 / macOS Вентура'),
('79dbde99-da4b-477a-b8f9-d91fed15a392', 2, 'Мобільний телефон OnePlus 11 5G 256 ГБ Титаново-чорний', 'Екран: 6.7" Fluid AMOLED, 3216x1440 / Snapdragon 8 Gen 2 / Основна камера Трійна: 50 МП + 48 МП + 32 МП, Фронтальна камера: 16 МП / RAM 12 ГБ / 256 ГБ внутрішня пам`ять / 3G / LTE / 5G / GPS / GLONASS / Підтримка двох SIM-карт (Nano-SIM) / Android 13 / Батарея 5000 мА⋅год'),
('c56a4180-65aa-42ec-a945-5fd21dec0544', 2, 'Мобільний телефон Xiaomi Mi 12 5G 128 ГБ Чорний', 'Екран: 6.28" AMOLED, 2400x1080 / Snapdragon 8 Gen 1 / Основна камера Трійна: 50 МП + 13 МП + 5 МП, Фронтальна камера: 32 МП / RAM 8 ГБ / 128 ГБ внутрішня пам`ять / 3G / LTE / 5G / GPS / GLONASS / Підтримка двох SIM-карт (Nano-SIM) / Android 12 / Батарея 4500 мА⋅год'),
('602ac1b3-41fc-4b4d-8de8-c4d9c86a5cf0', 2, 'Мобільний телефон Samsung Galaxy S22 Ultra 5G 512 ГБ Фантомний Чорний', 'Екран: 6.8" Dynamic AMOLED 2X, 3088x1440 / Exynos 2200 / Основна камера Чотирина: 108 МП + 10 МП + 10 МП + 12 МП, Фронтальна камера: 40 МП / RAM 12 ГБ / 512 ГБ внутрішня пам`ять / 3G / LTE / 5G / GPS / GLONASS / Підтримка двох SIM-карт (Nano-SIM) / Android 12 / Батарея 5000 мА⋅год'),
('a512ff32-358c-4650-b303-1abb696402de', 2, 'Ноутбук ASUS ZenBook 14" Intel Core i5 512 ГБ SSD Пайн Грей', 'Екран: 14" OLED, 2880x1800 / Intel Core i5-1240P / RAM 16 ГБ / 512 ГБ SSD / Wi-Fi 6 / Bluetooth 5.2 / Windows 11 Home / Батарея 67 Вт⋅год'),
('041b90f2-c8fb-49de-9dc1-f1a3bc0ad323', 2, 'Ноутбук Lenovo ThinkPad X1 Carbon Gen 10 (2023) Intel Core i7 1 ТБ SSD Чорний', 'Екран: 14" IPS, 1920x1200 / Intel Core i7-1260P / RAM 16 ГБ / 1 ТБ SSD / Wi-Fi 6E / Bluetooth 5.2 / Windows 11 Pro / Батарея 57 Вт⋅год'),
('cc2d1736-0986-46aa-8d6a-f4dbbd928f2f', 2, 'Настільний ПК HP Envy TE01 Intel Core i7 16 ГБ RAM 1 ТБ SSD', 'Intel Core i7-12700F / RAM 16 ГБ / 1 ТБ SSD / NVIDIA GeForce GTX 1660 Super / Wi-Fi 6 / Bluetooth 5.0 / Windows 11 Home'),
('1e861ba6-318c-412e-aaab-f53d928c4133', 2, 'Настільний ПК Dell Inspiron 3880 Intel Core i5 8 ГБ RAM 512 ГБ SSD', 'Intel Core i5-10400 / RAM 8 ГБ / 512 ГБ SSD / Intel UHD Graphics 630 / Wi-Fi 6 / Bluetooth 4.2 / Windows 11 Home'),
('03b80185-e03a-4aba-b36c-d2658707c91c', 2, 'Настільний ПК Apple Mac Mini M2 512 ГБ Сріблястий', 'Чіп Apple M2 / RAM 8 ГБ / 512 ГБ SSD / Wi-Fi 6 / Bluetooth 5.3 / macOS Вентура'),
('f68cb17b-bedd-4cb9-ae9e-a2959f15c5e3', 2, 'Мобільний телефон OnePlus 11 5G 256 ГБ Титаново-чорний', 'Екран: 6.7" Fluid AMOLED, 3216x1440 / Snapdragon 8 Gen 2 / Основна камера Трійна: 50 МП + 48 МП + 32 МП, Фронтальна камера: 16 МП / RAM 12 ГБ / 256 ГБ внутрішня пам`ять / 3G / LTE / 5G / GPS / GLONASS / Підтримка двох SIM-карт (Nano-SIM) / Android 13 / Батарея 5000 мА⋅год'),
('3c6c4db3-08c3-4473-a3a4-7d91100ff36a', 2, 'Мобільний телефон Xiaomi Mi 12 5G 128 ГБ Чорний', 'Екран: 6.28" AMOLED, 2400x1080 / Snapdragon 8 Gen 1 / Основна камера Трійна: 50 МП + 13 МП + 5 МП, Фронтальна камера: 32 МП / RAM 8 ГБ / 128 ГБ внутрішня пам`ять / 3G / LTE / 5G / GPS / GLONASS / Підтримка двох SIM-карт (Nano-SIM) / Android 12 / Батарея 4500 мА⋅год'),
('b825ddc9-e08b-4a68-b47b-531ba804df27', 2, 'Мобільний телефон Samsung Galaxy S22 Ultra 5G 512 ГБ Фантомний Чорний', 'Екран: 6.8" Dynamic AMOLED 2X, 3088x1440 / Exynos 2200 / Основна камера Чотирина: 108 МП + 10 МП + 10 МП + 12 МП, Фронтальна камера: 40 МП / RAM 12 ГБ / 512 ГБ внутрішня пам`ять / 3G / LTE / 5G / GPS / GLONASS / Підтримка двох SIM-карт (Nano-SIM) / Android 12 / Батарея 5000 мА⋅год'),
('739e4ab1-36c7-42f4-8f9d-e2c218dd60ba', 2, 'Мобільний телефон Apple iPhone 17 Pro 1 ТБ Космічно-чорний', 'Екран: 6.7" Super Retina XDR, 2796x1290 / Apple A16 Bionic / Основна камера Трійна: 48 МП + 12 МП + 12 МП, Фронтальна камера: 12 МП / RAM 6 ГБ / 1 ТБ внутрішня пам`ять / 3G / LTE / 5G / GPS / GLONASS / Підтримка двох SIM-карт (Nano-SIM і eSIM) / iOS 16 / 4323 мА⋅год'),
('1417d9a9-d883-419e-9856-163bbdf1c47a', 2, 'Мобільний телефон Google Pixel 8 5G 128 ГБ Обсідіан', 'Екран: 6.7" LTPO AMOLED, 3120x1440 / Google Tensor G2 / Основна камера Трійна: 50 МП + 48 МП + 12 МП, Фронтальна камера: 10.8 МП / RAM 12 ГБ / 128 ГБ внутрішня пам`ять / 3G / LTE / 5G / GPS / GLONASS / Підтримка двох SIM-карт (Nano-SIM і eSIM) / Android 13 / Батарея 5000 мА⋅год');


INSERT INTO "products_tags" (product_id, tag_id) VALUES
('f4831fef-35a8-4766-b50e-dcb25d7b2e7b', 3),
('e404a9ae-0c40-4015-8574-9a9873793134', 3),
('8551c666-423e-44d6-a317-ca019d91b219', 3),
('126bf189-9f8c-46ed-9138-f74d9d93206e', 3),
('6394f3b7-ce20-44b5-a2d0-f77395cb780c', 3),
('79dbde99-da4b-477a-b8f9-d91fed15a392', 1),
('c56a4180-65aa-42ec-a945-5fd21dec0544', 1),
('602ac1b3-41fc-4b4d-8de8-c4d9c86a5cf0', 1),
('a512ff32-358c-4650-b303-1abb696402de', 3),
('041b90f2-c8fb-49de-9dc1-f1a3bc0ad323', 3),
('cc2d1736-0986-46aa-8d6a-f4dbbd928f2f', 3),
('1e861ba6-318c-412e-aaab-f53d928c4133', 3),
('03b80185-e03a-4aba-b36c-d2658707c91c', 3),
('f68cb17b-bedd-4cb9-ae9e-a2959f15c5e3', 1),
('3c6c4db3-08c3-4473-a3a4-7d91100ff36a', 1),
('b825ddc9-e08b-4a68-b47b-531ba804df27', 1),
('739e4ab1-36c7-42f4-8f9d-e2c218dd60ba', 1),
('1417d9a9-d883-419e-9856-163bbdf1c47a', 1);

